﻿<?xml version="1.0" encoding="utf-8"?><Search><pages Count="8"><page Index="1"><![CDATA[VALORES ANGLO











































       “Personas que marcan la diferencia en minería”                                                                                  1]]></page><page Index="2"><![CDATA[Seguridad










           •     La seguridad está primero en todo lo que hacemos

           •     Hacemos de la seguridad una forma de vida, dentro y fuera de nuestro

                 lugar de trabajo


           •     Mostramos una preocupación real y nos responsabilizamos por nuestra
                 seguridad y la de otros


           •     Creemos firmemente que TODAS las lesiones pueden prevenirse

           •     Evaluamos los riesgos de manera continua y cumplimos con las normas y

                 procedimientos













                                                                                                                                       2]]></page><page Index="3"><![CDATA[Preocupación y Respeto





         •    Siempre tratamos a las personas con respeto, dignidad y cortesía,

              independientemente de sus orígenes, estilo de vida o posición

         •    Somos justos, compasivos y empáticos con los demás y nos respetamos a

              nosotros mismos
         •    Construimos confianza a través de una comunicación abierta y de doble vía,

              y valoramos todos los puntos de vista

         •    Consideramos el impacto de nuestras acciones sobre los demás
         •    Tomamos en cuenta lo que es mejor para todos nuestros grupos de interés

              (stakeholders)


















                                                                                                                                       3]]></page><page Index="4"><![CDATA[Integridad








            •    Somos honestos, justos, éticos y transparentes

            •    Estamos dispuestos a hacer lo correcto, aunque corramos el riesgo de ser

                 impopulares
            •    Hacemos lo que decimos – nuestras acciones son consistentes con

                 nuestras palabras

            •    Tratamos con la gente y los problemas directamente y evitamos las

                 intenciones ocultas

            •    Cuando algo no es correcto, lo hacemos notar

















                                                                                                                                       4]]></page><page Index="5"><![CDATA[Seguridad








         •    Asumimos responsabilidad por nuestras decisiones, acciones y resultados, sin

              culpar a otros
         •    Cumplimos nuestras promesas y nos hacemos responsables por nuestros

              resultados – buenos y malos

         •    Mantenemos una actitud de “se puede hacer”, con expectativas de alto

              desempeño y tendencia a la acción
         •    Reconocemos abiertamente nuestros errores y aprendemos de ellos

         •    Vamos más allá de nuestras responsabilidades para beneficio de la compañía

              (más allá del deber)

         •    Hacemos que los demás se hagan responsables de sus acciones












                                                                                                                                       5]]></page><page Index="6"><![CDATA[Colaboración







         •    Tomamos decisiones basadas en lo que es mejor para la compañía y no en

              nuestro interés personal
         •    Trabajamos en conjunto a través de toda la organización, para lograr que

              las cosas se hagan

         •    Damos a conocer nuestras expectativas y proveemos la información

              necesaria para que las personas realicen sus trabajos de manera efectiva
         •    Valoramos el esfuerzo y la contribución de los demás

         •    Somos una única compañía, incluyendo a todos los grupos, y estamos

              unidos contra la competencia (“nosotros” contra “ellos”)
















                                                                                                                                       6]]></page><page Index="7"><![CDATA[Innovación







         •    Desafiamos la idea de “así se ha hecho siempre” (status quo)

         •    Estamos visiblemente abiertos a adoptar nuevos enfoques y a fomentar
              nuevas formas de pensar

         •    Encontramos nuevas formas de mejorar radicalmente el negocio y de

              utilizar los recursos de manera más eficiente y efectiva

         •    Buscamos y aplicamos el aprendizaje de nuestra propia experiencia y la

              de los demás
         •    Desarrollamos activamente soluciones orientadas al futuro



















                                                                                                                                       7]]></page><page Index="8"><![CDATA[¡GRACIAS!]]></page></pages></Search>